{"x_coordinates":{"0":-79.29342963,"1":-79.26925185,"2":-79.5840963,"3":-79.54725185,"4":-79.48572593,"5":-79.46634815,"6":-79.42188889,"7":-79.43221481,"8":-79.385,"9":-79.29852593,"10":-79.24405185,"11":-79.51046667,"12":-79.43402222,"13":-79.51425926,"14":-79.31777037,"15":-79.3259037,"16":-79.23422963,"17":-79.22396296,"18":-79.44957778,"19":-79.38399259,"20":-79.23077,"21":-79.42011111,"22":-79.3214,"23":-79.42845185,"24":-79.29732593,"25":-79.39248148,"26":-79.34734074,"27":-79.48205185,"28":-79.44240741,"29":-79.55916296,"30":-79.30033333,"31":-79.58384444,"32":-79.47234815,"33":-79.34664444,"34":-79.33175556,"35":-79.42057037,"36":-79.4003296,"37":-79.32212593,"38":-79.27799259,"39":-79.19988889,"40":-79.44898519,"41":-79.17520741,"42":-79.36904444,"43":-79.49119259,"44":-79.57151852,"45":-79.61916296,"46":-79.49141481,"47":-79.51005,"48":-79.3344963,"49":-79.2704963,"50":-79.36756296,"51":-79.3984,"52":-79.40181481,"53":-79.5315037,"54":-79.29957778,"55":-79.21606667,"56":-79.44719259,"57":-79.31171111,"58":-79.28071852,"59":-79.4939037,"60":-79.17854074,"61":-79.48825926,"62":-79.38812593,"63":-79.50974074,"64":-79.41424444,"65":-79.39987407,"66":-79.56554815,"67":-79.43811111,"68":-79.41405185,"69":-79.34457037,"70":-79.43265926,"71":-79.3678,"72":-79.45382963,"73":-79.33542963,"74":-79.14028889,"75":-79.34759259,"76":-79.57320741,"77":-79.54111852,"78":-79.35316296,"79":-79.47384444,"80":-79.256764,"81":-79.3296963,"82":-79.40551852,"83":-79.40437778,"84":-79.46058519,"85":-79.37446667,"86":-79.3684963,"87":-79.3223037,"88":-79.47802222,"89":-79.27125185,"90":-79.34264444,"91":-79.34932593,"92":-79.38676296,"93":-79.31291111,"94":-79.52058519,"95":-79.26954815,"96":-79.53894074,"97":-79.41754815,"98":-79.50726667,"99":-79.38864444},"y_coordinates":{"0":43.78516667,"1":43.70801852,"2":43.73982593,"3":43.60194444,"4":43.70645556,"5":43.66335926,"6":43.73933704,"7":43.72075185,"8":43.76885556,"9":43.67012963,"10":43.75106296,"11":43.72121852,"12":43.65987778,"13":43.64744815,"14":43.79714444,"15":43.75950741,"16":43.79388519,"17":43.75752963,"18":43.77298889,"19":43.65336667,"20":43.72517,"21":43.65515926,"22":43.68357407,"23":43.67452963,"24":43.70117407,"25":43.68858148,"26":43.73664074,"27":43.72887037,"28":43.67692963,"29":43.64612222,"30":43.72368519,"31":43.66012222,"32":43.68618889,"33":43.77902593,"34":43.71781111,"35":43.70236667,"36":43.6393204,"37":43.67246296,"38":43.82397407,"39":43.74667037,"40":43.6452037,"41":43.78995926,"42":43.79702593,"43":43.62995926,"44":43.75898148,"45":43.7289963,"46":43.66547037,"47":43.73988,"48":43.66595185,"49":43.73215926,"50":43.70649259,"51":43.6581,"52":43.72487778,"53":43.59526296,"54":43.68335926,"55":43.80831481,"56":43.69612963,"57":43.75726296,"58":43.74770741,"59":43.61490741,"60":43.76988519,"61":43.68658148,"62":43.7039,"63":43.59908519,"64":43.76807778,"65":43.70824074,"66":43.71132963,"67":43.68654444,"68":43.66509259,"69":43.67855926,"70":43.64117407,"71":43.6618037,"72":43.66503333,"73":43.78755926,"74":43.77947778,"75":43.65914444,"76":43.72612963,"77":43.6834037,"78":43.66575926,"79":43.65185556,"80":43.772096,"81":43.69211481,"82":43.65208519,"83":43.66715926,"84":43.67426296,"85":43.66726296,"86":43.64998148,"87":43.81538148,"88":43.64792963,"89":43.68778148,"90":43.70290741,"91":43.69162593,"92":43.67173704,"93":43.73601111,"94":43.7017963,"95":43.80946296,"96":43.73972222,"97":43.68218148,"98":43.75889259,"99":43.67182593},"gid":{"0":1,"1":2,"2":3,"3":4,"4":5,"5":6,"6":7,"7":8,"8":9,"9":10,"10":11,"11":12,"12":13,"13":14,"14":15,"15":16,"16":17,"17":18,"18":19,"19":20,"20":21,"21":22,"22":23,"23":24,"24":25,"25":26,"26":27,"27":28,"28":29,"29":30,"30":31,"31":32,"32":33,"33":34,"34":35,"35":36,"36":37,"37":38,"38":39,"39":40,"40":41,"41":42,"42":43,"43":44,"44":45,"45":46,"46":47,"47":48,"48":49,"49":50,"50":51,"51":52,"52":53,"53":54,"54":55,"55":56,"56":57,"57":58,"58":59,"59":60,"60":61,"61":62,"62":63,"63":64,"64":65,"65":66,"66":67,"67":68,"68":69,"69":70,"70":71,"71":72,"72":73,"73":74,"74":75,"75":76,"76":77,"77":78,"78":79,"79":80,"80":81,"81":82,"82":83,"83":84,"84":85,"85":86,"86":87,"87":88,"88":89,"89":90,"90":91,"91":92,"92":93,"93":94,"94":95,"95":96,"96":97,"97":98,"98":99,"99":100},"Name":{"0":"Agincourt","1":"Albert Campbell","2":"Albion","3":"Alderwood","4":"Amesbury Park","5":"Annette Street","6":"Armour Heights","7":"Barbara Frum","8":"Bayview","9":"Beaches","10":"Bendale","11":"Black Creek","12":"Bloor\/Gladstone","13":"Brentwood","14":"Bridlewood","15":"Brookbanks","16":"Burrows Hall","17":"Cedarbrae","18":"Centennial","19":"City Hall","20":"Cliffcrest","21":"College\/Shaw","22":"Danforth\/Coxwell","23":"Davenport","24":"Dawes Road","25":"Deer Park","26":"Don Mills","27":"Downsview","28":"Dufferin\/St. Clair","29":"Eatonville","30":"Eglinton Square","31":"Elmbrook Park","32":"Evelyn Gregory","33":"Fairview","34":"Flemingdon Park","35":"Forest Hill","36":"Fort York","37":"Gerrard\/Ashdale","38":"Goldhawk Park","39":"Guildwood","40":"High Park","41":"Highland Creek","42":"Hillcrest","43":"Humber Bay","44":"Humber Summit","45":"Humberwood","46":"Jane\/Dundas","47":"Jane\/Sheppard","48":"Jones","49":"Kennedy\/Eglinton","50":"Leaside","51":"Lillian H. Smith","52":"Locke","53":"Long Branch","54":"Main Street","55":"Malvern","56":"Maria A. Shchuka","57":"Maryvale","58":"McGregor Park","59":"Mimico Centennial","60":"Morningside","61":"Mount Dennis","62":"Mount Pleasant","63":"New Toronto","64":"North York Central Library","65":"Northern District","66":"Northern Elms","67":"Oakwood Village Library and Arts Centre","68":"Palmerston","69":"Pape\/Danforth","70":"Parkdale","71":"Parliament Street","72":"Perth\/Dupont","73":"Pleasant View","74":"Port Union","75":"Queen\/Saulter","76":"Rexdale","77":"Richview","78":"Riverdale","79":"Runnymede","80":"Scarborough Civic Centre","81":"S. Walter Stewart","82":"Sanderson","83":"Spadina Road","84":"St. Clair\/Silverthorn","85":"St. James Town","86":"St. Lawrence","87":"Steeles","88":"Swansea Memorial","89":"Taylor Memorial","90":"Thorncliffe","91":"Todmorden Room","92":"Toronto Reference Library","93":"Victoria Village","94":"Weston","95":"Woodside Square","96":"Woodview Park","97":"Wychwood","98":"York Woods","99":"Yorkville"},"Address":{"0":"155 Bonis Ave., Toronto, ON, M1T 3W6","1":"496 Birchmount Road, Toronto, ON, M1K 1N8","2":"1515 Albion Road, Toronto, ON, M9V 1B2","3":"2 Orianna Drive, Toronto, ON, M8W 4Y1","4":"1565 Lawrence Ave. W., Toronto, ON, M6L 1A8","5":"145 Annette Street, Toronto, ON, M6P 1P3","6":"2140 Avenue Road, Toronto, ON, M5M 4M7","7":"20 Covington Road, Toronto, ON, M6A 3C1","8":"2901 Bayview Ave., Bayview Village Shopping Centre, Toronto, ON, M2K 1E6","9":"2161 Queen Street East, Toronto, ON, M4L 1J1","10":"1515 Danforth Road, Toronto, ON, M1J 1H5","11":"1700 Wilson Ave., North York Sheridan Mall, Toronto, ON, M3L 1B2","12":"1101 Bloor Street West, Toronto, ON, M6H 1M7","13":"36 Brentwood Road North, Toronto, ON, M8X 2B5","14":"2900 Warden Ave., Bridlewood Mall, Toronto, ON, M1W 2S8","15":"210 Brookbanks Dr., Toronto, ON, M3A 2T8","16":"1081 Progress Ave., Toronto, ON, M1B 5Z6","17":"545 Markham Road, Toronto, ON, M1H 2A1","18":"578 Finch Ave. West, Toronto, ON, M2R 1N7","19":"100 Queen Street West, Nathan Phillips Square, Toronto, ON, M5H 2N3","20":"3017 Kingston Road, Toronto, ON, M1M 1P1","21":"766 College Street, Toronto, ON, M6G 1C4","22":"1675 Danforth Ave., Toronto, ON, M4C 5P2","23":"1246 Shaw Street, Toronto, ON, M6G 3P1","24":"416 Dawes Road, Toronto, ON, M4B 2E8","25":"40 St. Clair Ave. E., Toronto, ON, M4T 1M9","26":"888 Lawrence Ave. East, Toronto, ON, M3C 1P6","27":"2793 Keele Street, Toronto, ON, M3M 2G3","28":"1625 Dufferin Street, Toronto, ON, M6H 3L9","29":"430 Burnhamthorpe Road, Toronto, ON, M9B 2B1","30":"1 Eglinton Square, Unit 126, Eglinton Square Shopping Centre, Toronto, ON, M1L 2K1","31":"2 Elmbrook Cres., Toronto, ON, M9C 5B4","32":"120 Trowell Ave., Toronto, ON, M6M 1L7",